Code:005
Name:AFEGANE AFEGANIST
Symbol:AFN
Country:AFEGANISTAO

Code:785
Name:RANDE/AFRICA SUL
Symbol:ZAR
Country:AFRICA DO SUL

Code:490
Name:LEK ALBANIA REP
Symbol:ALL
Country:ALBANIA, REPUBLICA DA

Code:610
Name:MARCO ALEMAO
Symbol:DEM
Country:ALEMANHA

Code:978
Name:EURO
Symbol:EUR
Country:ALEMANHA

Code:690
Name:PESETA/ANDORA
Symbol:ADP
Country:ANDORRA

Code:635
Name:KWANZA/ANGOLA
Symbol:AOA
Country:ANGOLA

Code:215
Name:DOLAR CARIBE ORIENTAL
Symbol:XCD
Country:ANGUILLA

Code:215
Name:DOLAR CARIBE ORIENTAL
Symbol:XCD
Country:ANTIGUA E BARBUDA

Code:820
Name:RIAL/ARAB SAUDITA
Symbol:SAR
Country:ARABIA SAUDITA

Code:095
Name:DINAR ARGELINO
Symbol:DZD
Country:ARGELIA

Code:010
Name:AUSTRAL
Symbol:ARG
Country:ARGENTINA

Code:705
Name:PESO ARGENTINO
Symbol:$(ARG)
Country:ARGENTINA

Code:706
Name:PESO ARGENTINO
Symbol:ARS
Country:ARGENTINA

Code:275
Name:DRAM ARMENIA REP
Symbol:AMD
Country:ARMENIA, REPUBLICA DA

Code:328
Name:FLORIM/ARUBA
Symbol:AWG
Country:ARUBA

Code:150
Name:DOLAR AUSTRALIANO
Symbol:AUD
Country:AUSTRALIA

Code:940
Name:XELIM AUSTRIACO
Symbol:ATS
Country:AUSTRIA

Code:978
Name:EURO
Symbol:EUR
Country:AUSTRIA

Code:607
Name:MANAT ARZEBAIJAO
Symbol:AZN
Country:AZERBAIJAO, REPUBLICA DO

Code:155
Name:DOLAR/BAHAMAS
Symbol:BSD
Country:BAHAMAS, ILHAS

Code:105
Name:DINAR/BAHREIN
Symbol:BHD
Country:BAHREIN, ILHAS

Code:905
Name:TACA/BANGLADESH
Symbol:BDT
Country:BANGLADESH

Code:175
Name:DOLAR/BARBADOS
Symbol:BBD
Country:BARBADOS

Code:831
Name:RUBLO BELARUS
Symbol:BYN
Country:BELARUS, REPUBLICA DA

Code:829
Name:RUBLO BELARUS
Symbol:BYR
Country:BELARUS, REPUBLICA DA

Code:360
Name:FRANCO BELGA/BELG
Symbol:BEF
Country:BELGICA

Code:978
Name:EURO
Symbol:EUR
Country:BELGICA

Code:180
Name:DOLAR/BELIZE
Symbol:BZD
Country:BELIZE

Code:372
Name:FRANCO CFA BCEAO
Symbol:XOF
Country:BENIN

Code:160
Name:DOLAR/BERMUDAS
Symbol:BMD
Country:BERMUDAS

Code:030
Name:BOLIVIANO/BOLIVIA
Symbol:BOB
Country:BOLIVIA

Code:710
Name:PESO BOLIVIANO
Symbol:$B
Country:BOLIVIA

Code:612
Name:MARCO CONV BOSNIA
Symbol:BAM
Country:BOSNIA-HERZEGOVINA (REPUBLICA DA)

Code:755
Name:PULA/BOTSWANA
Symbol:BWP
Country:BOTSUANA

Code:079
Name:CRUZADO
Symbol:CZ$
Country:BRASIL

Code:080
Name:CRUZEIRO
Symbol:CR$
Country:BRASIL

Code:083
Name:CRUZEIRO
Symbol:CR$
Country:BRASIL

Code:085
Name:CRUZEIRO REAL
Symbol:CR$
Country:BRASIL

Code:790
Name:REAL BRASIL
Symbol:BRL
Country:BRASIL

Code:078
Name:CRUZADO NOVO
Symbol:NCZ$
Country:BRASIL

Code:185
Name:DOLAR BRUNEI
Symbol:BND
Country:BRUNEI

Code:510
Name:LEV/BULGARIA, REP
Symbol:BGN
Country:BULGARIA, REPUBLICA DA

Code:372
Name:FRANCO CFA BCEAO
Symbol:XOF
Country:BURKINA FASO

Code:365
Name:FRANCO/BURUNDI
Symbol:BIF
Country:BURUNDI

Code:665
Name:NGULTRUM/BUTAO
Symbol:BTN
Country:BUTAO

Code:295
Name:ESCUDO CABO VERDE
Symbol:CVE
Country:CABO VERDE, REPUBLICA DE

Code:370
Name:FRANCO CFA BEAC
Symbol:XAF
Country:CAMAROES

Code:825
Name:RIEL/CAMBOJA
Symbol:KHR
Country:CAMBOJA

Code:165
Name:DOLAR CANADENSE
Symbol:CAD
Country:CANADA

Code:800
Name:RIAL/CATAR
Symbol:QAR
Country:CATAR

Code:190
Name:DOLAR CAYMAN
Symbol:KYD
Country:CAYMAN, ILHAS

Code:913
Name:TENGE CAZAQUISTAO
Symbol:KZT
Country:CAZAQUISTAO, REPUBLICA DO

Code:370
Name:FRANCO CFA BEAC
Symbol:XAF
Country:CHADE

Code:197
Name:UNIDADE DE FOMENTO DO CHILE
Symbol:CLF
Country:CHILE

Code:715
Name:PESO CHILE
Symbol:CLP
Country:CHILE

Code:916
Name:UNID FOMENTO CHIL
Symbol:CLF
Country:CHILE

Code:795
Name:RENMINBI CHINES
Symbol:CNY
Country:CHINA, REPUBLICA POPULAR

Code:796
Name:RENMINBI HONG KONG
Symbol:CNH
Country:CHINA, REPUBLICA POPULAR

Code:520
Name:LIBRA CIP/CHIPRE
Symbol:CYP
Country:CHIPRE

Code:978
Name:EURO
Symbol:EUR
Country:CHIPRE

Code:195
Name:DOLAR CINGAPURA
Symbol:SGD
Country:CINGAPURA

Code:721
Name:UNIDADE DE VALOR REAL
Symbol:COU
Country:COLOMBIA

Code:720
Name:PESO/COLOMBIA
Symbol:COP
Country:COLOMBIA

Code:368
Name:FRANCO COMORES
Symbol:KMF
Country:COMORES, ILHAS

Code:370
Name:FRANCO CFA BEAC
Symbol:XAF
Country:CONGO

Code:363
Name:FRANCO CONGOLES
Symbol:CDF
Country:CONGO, REPUBLICA DEMOCRATICA DO

Code:970
Name:NOVO ZAIRE  ZAIRE
Symbol:ZRN
Country:CONGO, REPUBLICA DEMOCRATICA DO

Code:971
Name:NOVO ZAIRE
Symbol:ZRN
Country:CONGO, REPUBLICA DEMOCRATICA DO

Code:245
Name:DOLAR NOVA ZELANDIA
Symbol:NZD
Country:COOK, ILHAS

Code:925
Name:WON/COREIA NORTE
Symbol:KPW
Country:COREIA, REP.POP.DEMOCRATICA

Code:930
Name:WON COREIA SUL
Symbol:KRW
Country:COREIA, REPUBLICA DA

Code:995
Name:BUA
Symbol:BUA
Country:COSTA DO MARFIM

Code:996
Name:FUA
Symbol:FUA
Country:COSTA DO MARFIM

Code:372
Name:FRANCO CFA BCEAO
Symbol:XOF
Country:COSTA DO MARFIM

Code:040
Name:COLON/COSTA RICA
Symbol:CRC
Country:COSTA RICA

Code:100
Name:DINAR/KWAIT
Symbol:KWD
Country:COVEITE

Code:779
Name:KUNA DA CROACIA
Symbol:HRK
Country:CROACIA (REPUBLICA DA)

Code:725
Name:PESO/CUBA
Symbol:CUP
Country:CUBA

Code:325
Name:GUILDER ANTILHAS HOLANDESAS
Symbol:ANG
Country:CURA�AO

Code:055
Name:COROA DINAMARQUESA
Symbol:DKK
Country:DINAMARCA

Code:390
Name:FRANCO/DJIBUTI
Symbol:DJF
Country:DJIBUTI

Code:215
Name:DOLAR CARIBE ORIENTAL
Symbol:XCD
Country:DOMINICA,ILHA

Code:535
Name:LIBRA/EGITO
Symbol:EGP
Country:EGITO

Code:045
Name:COLON/EL SALVADOR
Symbol:SVC
Country:EL SALVADOR

Code:145
Name:DIRHAM/EMIR.ARABE
Symbol:AED
Country:EMIRADOS ARABES UNIDOS

Code:895
Name:SUCRE EQUADOR
Symbol:ECS
Country:EQUADOR

Code:625
Name:NAKFA DA ERITREIA
Symbol:ERN
Country:ERITREIA

Code:058
Name:COROA ESLOVACA
Symbol:SKK
Country:ESLOVACA, REPUBLICA

Code:978
Name:EURO
Symbol:EUR
Country:ESLOVACA, REPUBLICA

Code:914
Name:TOLAR/ESLOVENIA
Symbol:SIT
Country:ESLOVENIA, REPUBLICA DA

Code:978
Name:EURO
Symbol:EUR
Country:ESLOVENIA, REPUBLICA DA

Code:978
Name:EURO
Symbol:EUR
Country:ESPANHA

Code:700
Name:PESETA ESPANHOLA
Symbol:ESP
Country:ESPANHA

Code:220
Name:DOLAR DOS EUA
Symbol:USD
Country:ESTADOS UNIDOS

Code:057
Name:COROA ESTONIA
Symbol:EEK
Country:ESTONIA, REPUBLICA DA

Code:978
Name:EURO
Symbol:EUR
Country:ESTONIA, REPUBLICA DA

Code:009
Name:BIRR/ETIOPIA
Symbol:ETB
Country:ETIOPIA

Code:545
Name:LIBRA/FALKLAND
Symbol:FKP
Country:FALKLAND (ILHAS MALVINAS)

Code:200
Name:DOLAR FIJI
Symbol:FJD
Country:FIJI

Code:735
Name:PESO/FILIPINAS
Symbol:PHP
Country:FILIPINAS

Code:978
Name:EURO
Symbol:EUR
Country:FINLANDIA

Code:615
Name:MARCO FINLANDES
Symbol:FIM
Country:FINLANDIA

Code:640
Name:NOVO DOLAR/TAIWAN
Symbol:TWD
Country:FORMOSA (TAIWAN)

Code:395
Name:FRANCO FRANCES
Symbol:FRF
Country:FRANCA

Code:978
Name:EURO
Symbol:EUR
Country:FRANCA

Code:370
Name:FRANCO CFA BEAC
Symbol:XAF
Country:GABAO

Code:090
Name:DALASI/GAMBIA
Symbol:GMD
Country:GAMBIA

Code:035
Name:CEDI GANA
Symbol:GHS
Country:GANA

Code:482
Name:LARI GEORGIA
Symbol:GEL
Country:GEORGIA, REPUBLICA DA

Code:530
Name:LIBRA DE GIBRALTAR
Symbol:GIP
Country:GIBRALTAR

Code:215
Name:DOLAR CARIBE ORIENTAL
Symbol:XCD
Country:GRANADA

Code:270
Name:DRACMA/GRECIA
Symbol:GRD
Country:GRECIA

Code:978
Name:EURO
Symbol:EUR
Country:GRECIA

Code:978
Name:EURO
Symbol:EUR
Country:GUADALUPE

Code:770
Name:QUETZAL/GUATEMALA
Symbol:GTQ
Country:GUATEMALA

Code:540
Name:LIBRA ESTERLINA
Symbol:GBP
Country:GUERNSEY, ILHA DO CANAL (INCLUI ALDERNEY E SARK)

Code:170
Name:DOLAR DA GUIANA
Symbol:GYD
Country:GUIANA

Code:978
Name:EURO
Symbol:EUR
Country:GUIANA FRANCESA

Code:398
Name:FRANCO/GUINE
Symbol:GNF
Country:GUINE

Code:738
Name:PESO GUINE BISSAU
Symbol:GWP
Country:GUINE-BISSAU

Code:372
Name:FRANCO CFA BCEAO
Symbol:XOF
Country:GUINE-BISSAU

Code:370
Name:FRANCO CFA BEAC
Symbol:XAF
Country:GUINE-EQUATORIAL

Code:440
Name:GOURDE HAITI
Symbol:HTG
Country:HAITI

Code:495
Name:LEMPIRA/HONDURAS
Symbol:HNL
Country:HONDURAS

Code:205
Name:DOLAR HONG KONG
Symbol:HKD
Country:HONG KONG

Code:796
Name:RENMINBI HONG KONG
Symbol:CNH
Country:HONG KONG

Code:345
Name:FORINT/HUNGRIA
Symbol:HUF
Country:HUNGRIA, REPUBLICA DA

Code:810
Name:RIAL/IEMEN
Symbol:YER
Country:IEMEN

Code:860
Name:RUPIA/INDIA
Symbol:INR
Country:INDIA

Code:865
Name:RUPIA/INDONESIA
Symbol:IDR
Country:INDONESIA

Code:815
Name:RIAL/IRAN, REP
Symbol:IRR
Country:IRA, REPUBLICA ISLAMICA DO

Code:115
Name:DINAR/IRAQUE
Symbol:IQD
Country:IRAQUE

Code:550
Name:LIBRA/IRLANDA
Symbol:IEP
Country:IRLANDA

Code:978
Name:EURO
Symbol:EUR
Country:IRLANDA

Code:060
Name:COROA ISLND/ISLAN
Symbol:ISK
Country:ISLANDIA

Code:880
Name:SHEKEL/ISRAEL
Symbol:ILS
Country:ISRAEL

Code:595
Name:LIRA ITALIANA
Symbol:ITL
Country:ITALIA

Code:978
Name:EURO
Symbol:EUR
Country:ITALIA

Code:230
Name:DOLAR/JAMAICA
Symbol:JMD
Country:JAMAICA

Code:470
Name:IENE
Symbol:JPY
Country:JAPAO

Code:540
Name:LIBRA ESTERLINA
Symbol:GBP
Country:JERSEY, ILHA DO CANAL

Code:125
Name:DINAR/JORDANIA
Symbol:JOD
Country:JORDANIA

Code:780
Name:QUIPE/LAOS, REP
Symbol:LAK
Country:LAOS, REP.POP.DEMOCR.DO

Code:603
Name:LOTI/LESOTO
Symbol:LSL
Country:LESOTO

Code:485
Name:LAT LETONIA REP
Symbol:LVL
Country:LETONIA, REPUBLICA DA

Code:978
Name:EURO
Symbol:EUR
Country:LETONIA, REPUBLICA DA

Code:560
Name:LIBRA/LIBANO
Symbol:LBP
Country:LIBANO

Code:235
Name:DOLAR LIBERIA
Symbol:LRD
Country:LIBERIA

Code:130
Name:DINAR/LIBIA
Symbol:LYD
Country:LIBIA

Code:425
Name:FRANCO SUICO
Symbol:CHF
Country:LIECHTENSTEIN

Code:601
Name:LITA LITUANIA
Symbol:LTL
Country:LITUANIA, REPUBLICA DA

Code:978
Name:EURO
Symbol:EUR
Country:LITUANIA, REPUBLICA DA

Code:978
Name:EURO
Symbol:EUR
Country:LUXEMBURGO

Code:400
Name:FRANCO LUXEMBURGO
Symbol:LUF
Country:LUXEMBURGO

Code:685
Name:PATACA/MACAU
Symbol:MOP
Country:MACAU

Code:132
Name:DINAR/MACEDONIA
Symbol:MKD
Country:MACEDONIA, ANT.REP.IUGOSLAVA

Code:405
Name:FRANCO MALGAXE MADAGA
Symbol:MGF
Country:MADAGASCAR

Code:406
Name:ARIARY MADAGASCAR
Symbol:MGA
Country:MADAGASCAR

Code:240
Name:DOLAR MALAIO
Symbol:M$
Country:MALASIA

Code:828
Name:RINGGIT/MALASIA
Symbol:MYR
Country:MALASIA

Code:760
Name:QUACHA/MALAVI
Symbol:MWK
Country:MALAVI

Code:870
Name:RUFIA/MALDIVAS
Symbol:MVR
Country:MALDIVAS

Code:372
Name:FRANCO CFA BCEAO
Symbol:XOF
Country:MALI

Code:565
Name:LIRA/MALTA
Symbol:MTL
Country:MALTA

Code:978
Name:EURO
Symbol:EUR
Country:MALTA

Code:540
Name:LIBRA ESTERLINA
Symbol:GBP
Country:MAN, ILHA DE

Code:139
Name:DIRHAM/MARROCOS
Symbol:MAD
Country:MARROCOS

Code:220
Name:DOLAR DOS EUA
Symbol:USD
Country:MARSHALL,ILHAS

Code:978
Name:EURO
Symbol:EUR
Country:MARTINICA

Code:840
Name:RUPIA/MAURICIO
Symbol:MUR
Country:MAURICIO

Code:671
Name:UGUIA MAURITANIA
Symbol:MRU
Country:MAURITANIA

Code:670
Name:UGUIA MAURITANIA
Symbol:MRO
Country:MAURITANIA

Code:740
Name:PESO MEXICANO
Symbol:MEX$
Country:MEXICO

Code:741
Name:PESO/MEXICO
Symbol:MXN
Country:MEXICO

Code:775
Name:QUIATE/BIRMANIA
Symbol:MMK
Country:MIANMAR (BIRMANIA)

Code:620
Name:METICAL MOCAMBIQ
Symbol:MZM
Country:MOCAMBIQUE

Code:622
Name:NOVA METICAL/MOCA
Symbol:MZN
Country:MOCAMBIQUE

Code:503
Name:LEU/MOLDAVIA, REP
Symbol:MDL
Country:MOLDAVIA, REPUBLICA DA

Code:978
Name:EURO
Symbol:EUR
Country:MONACO

Code:915
Name:TUGRIK/MONGOLIA
Symbol:MNT
Country:MONGOLIA

Code:978
Name:EURO
Symbol:EUR
Country:MONTENEGRO

Code:215
Name:DOLAR CARIBE ORIENTAL
Symbol:XCD
Country:MONTSERRAT,ILHAS

Code:173
Name:DOLAR DA NAMIBIA
Symbol:NAD
Country:NAMIBIA

Code:845
Name:RUPIA/NEPAL
Symbol:NPR
Country:NEPAL

Code:051
Name:CORDOBA OURO
Symbol:NIO
Country:NICARAGUA

Code:372
Name:FRANCO CFA BCEAO
Symbol:XOF
Country:NIGER

Code:630
Name:NAIRA NIGERIA
Symbol:NGN
Country:NIGERIA

Code:245
Name:DOLAR NOVA ZELANDIA
Symbol:NZD
Country:NIUE,ILHA

Code:065
Name:COROA NORUEGUESA
Symbol:NOK
Country:NORUEGA

Code:245
Name:DOLAR NOVA ZELANDIA
Symbol:NZD
Country:NOVA ZELANDIA

Code:805
Name:RIAL/OMA
Symbol:OMR
Country:OMA

Code:978
Name:EURO
Symbol:EUR
Country:PAISES BAIXOS (HOLANDA)

Code:335
Name:FLORIM HOLANDES
Symbol:NLG
Country:PAISES BAIXOS (HOLANDA)

Code:020
Name:BALBOA/PANAMA
Symbol:PAB
Country:PANAMA

Code:778
Name:KINA DE PAPUA NOVA GUINE
Symbol:PGK
Country:PAPUA NOVA GUINE

Code:875
Name:RUPIA/PAQUISTAO
Symbol:PKR
Country:PAQUISTAO

Code:450
Name:GUARANI/PARAGUAI
Symbol:PYG
Country:PARAGUAI

Code:480
Name:INTI PERUANO
Symbol:I
Country:PERU

Code:660
Name:NOVO SOL/PERU
Symbol:PEN
Country:PERU

Code:890
Name:SOL PERUANO
Symbol:S/.
Country:PERU

Code:380
Name:FRANCO CFP
Symbol:XPF
Country:POLINESIA FRANCESA

Code:975
Name:ZLOTY/POLONIA
Symbol:PLN
Country:POLONIA, REPUBLICA DA

Code:220
Name:DOLAR DOS EUA
Symbol:USD
Country:PORTO RICO

Code:315
Name:ESCUDO PORTUGUES
Symbol:PTE
Country:PORTUGAL

Code:978
Name:EURO
Symbol:EUR
Country:PORTUGAL

Code:950
Name:XELIM/QUENIA
Symbol:KES
Country:QUENIA

Code:892
Name:SOM DO QUIRGUISTAO
Symbol:KGS
Country:QUIRGUIZ, REPUBLICA

Code:540
Name:LIBRA ESTERLINA
Symbol:GBP
Country:REINO UNIDO

Code:370
Name:FRANCO CFA BEAC
Symbol:XAF
Country:REPUBLICA CENTRO-AFRICANA

Code:730
Name:PESO/REP. DOMINIC
Symbol:DOP
Country:REPUBLICA DOMINICANA

Code:506
Name:NOVO LEU DA ROMENIA
Symbol:RON
Country:ROMENIA

Code:505
Name:LEU/ROMENIA
Symbol:ROL
Country:ROMENIA

Code:420
Name:FRANCO/RUANDA
Symbol:RWF
Country:RUANDA

Code:830
Name:RUBLO/RUSSIA
Symbol:RUB
Country:RUSSIA, FEDERACAO DA

Code:325
Name:GUILDER ANTILHAS HOLANDESAS
Symbol:ANG
Country:SAINT MAARTEN

Code:250
Name:DOLAR DAS ILHAS SALOMAO
Symbol:SBD
Country:SALOMAO, ILHAS

Code:910
Name:TALA
Symbol:WS$
Country:SAMOA

Code:911
Name:TALA DA SAMOA OCIDENTAL
Symbol:WST
Country:SAMOA

Code:912
Name:TALA SAMOA
Symbol:WST
Country:SAMOA

Code:978
Name:EURO
Symbol:EUR
Country:SAN MARINO

Code:570
Name:LIBRA DE SANTA HELENA
Symbol:SHP
Country:SANTA HELENA

Code:215
Name:DOLAR CARIBE ORIENTAL
Symbol:XCD
Country:SANTA LUCIA

Code:215
Name:DOLAR CARIBE ORIENTAL
Symbol:XCD
Country:SAO CRISTOVAO E NEVES,ILHAS

Code:149
Name:DOBRA S�O TOM� E PR�NCIPE
Symbol:STN
Country:SAO TOME E PRINCIPE, ILHAS

Code:148
Name:DOBRA S TOME PRIN
Symbol:STD
Country:SAO TOME E PRINCIPE, ILHAS

Code:215
Name:DOLAR CARIBE ORIENTAL
Symbol:XCD
Country:SAO VICENTE E GRANADINAS

Code:372
Name:FRANCO CFA BCEAO
Symbol:XOF
Country:SENEGAL

Code:500
Name:LEONE/SERRA LEOA
Symbol:SLL
Country:SERRA LEOA

Code:120
Name:DINAR IUGOSLAVO
Symbol:DIN
Country:SERVIA

Code:133
Name:DINAR SERVIO SERVIA
Symbol:RSD
Country:SERVIA

Code:637
Name:NOVO DINAR IUGOSLAVO
Symbol:YUM
Country:SERVIA

Code:850
Name:RUPIA SEYCHELES
Symbol:SCR
Country:SEYCHELLES

Code:575
Name:LIBRA/SIRIA, REP
Symbol:SYP
Country:SIRIA, REPUBLICA ARABE DA

Code:960
Name:XELIM/SOMALIA
Symbol:SOS
Country:SOMALIA

Code:855
Name:RUPIA/SRI LANKA
Symbol:LKR
Country:SRI LANKA

Code:585
Name:LILANGENI/SUAZIL
Symbol:SZL
Country:SUAZILANDIA

Code:134
Name:NOVA LIBRA SUDANESA
Symbol:SDG
Country:SUDAO

Code:580
Name:LIBRA SUDANESA
Symbol:LSD
Country:SUDAO

Code:136
Name:LIBRA SUL SUDANESA
Symbol:SSP
Country:SUDAO DO SUL

Code:070
Name:COROA SUECA
Symbol:SEK
Country:SUECIA

Code:425
Name:FRANCO SUICO
Symbol:CHF
Country:SUICA

Code:255
Name:DOLAR DO SURINAME
Symbol:SRD
Country:SURINAME

Code:330
Name:FLORIM/SURINAME
Symbol:SRG
Country:SURINAME

Code:333
Name:DOLAR/SURINAME
Symbol:SRD
Country:SURINAME

Code:835
Name:SOMONI TADJIQUISTAO
Symbol:TJS
Country:TADJIQUISTAO, REPUBLICA DO

Code:015
Name:BATH/TAILANDIA
Symbol:THB
Country:TAILANDIA

Code:945
Name:XELIM DA TANZANIA
Symbol:T SH
Country:TANZANIA, REP.UNIDA DA

Code:946
Name:XELIM DA TANZANIA
Symbol:TZS
Country:TANZANIA, REP.UNIDA DA

Code:075
Name:COROA TCHECA
Symbol:CZK
Country:TCHECA, REPUBLICA

Code:320
Name:ESCUDO TIMOR LESTE
Symbol:TPE
Country:TIMOR LESTE

Code:372
Name:FRANCO CFA BCEAO
Symbol:XOF
Country:TOGO

Code:680
Name:PAANGA/TONGA
Symbol:TOP
Country:TONGA

Code:210
Name:DOLAR/TRIN. TOBAG
Symbol:TTD
Country:TRINIDAD E TOBAGO

Code:135
Name:DINAR/TUNISIA
Symbol:TND
Country:TUNISIA

Code:608
Name:NOVO MANAT TURCOMANO
Symbol:TMT
Country:TURCOMENISTAO, REPUBLICA DO

Code:600
Name:LIRA TURQUIA
Symbol:TRL
Country:TURQUIA

Code:642
Name:LIRA TURCA
Symbol:TRY
Country:TURQUIA

Code:460
Name:HRYVNIA UCRANIA
Symbol:UAH
Country:UCRANIA

Code:955
Name:XELIM/UGANDA
Symbol:UGX
Country:UGANDA

Code:745
Name:PESO/URUGUAIO
Symbol:UYU
Country:URUGUAI

Code:893
Name:SOM UZBEQUISTAO
Symbol:UZS
Country:UZBEQUISTAO, REPUBLICA DO

Code:920
Name:VATU VANUATU
Symbol:VUV
Country:VANUATU

Code:027
Name:BOLIVAR SOBERANO VENEZUELANO
Symbol:VES
Country:VENEZUELA

Code:025
Name:BOLIVAR/VENZUELA
Symbol:VEB
Country:VENEZUELA

Code:026
Name:BOLIVAR VENEZUELANO
Symbol:VEF
Country:VENEZUELA

Code:260
Name:DONGUE/VIETNAN
Symbol:VND
Country:VIETNA

Code:220
Name:DOLAR DOS EUA
Symbol:USD
Country:VIRGENS,ILHAS (BRITANICAS)

Code:220
Name:DOLAR DOS EUA
Symbol:USD
Country:VIRGENS,ILHAS (E.U.A.)

Code:766
Name:QUACHA ZAMBIA
Symbol:ZMW
Country:ZAMBIA

Code:765
Name:QUACHA ZAMBIA
Symbol:ZMK
Country:ZAMBIA

Code:217
Name:DOLAR ZIMBABUE
Symbol:ZWL
Country:ZIMBABUE

Code:008
Name:BIRR
Symbol:ETB
Country:28/07/1998

Code:050
Name:CORDOBA/NICARAGUA
Symbol:NIC
Country:31/07/1998

Code:088
Name:CUPON GEORGIANO
Symbol:RUR
Country:04/08/1998

Code:138
Name:DIREITO ESPECIAL
Symbol:SDR
Country:

Code:225
Name:DOLAR/ETIOPIA
Symbol:ETB
Country:04/08/1998

Code:361
Name:FRANCO BELGA FINA
Symbol:FBF
Country:04/08/1998

Code:385
Name:FRANCO/BURUNDI
Symbol:BIF
Country:31/07/1998

Code:410
Name:FRANCO MALI
Symbol:MF
Country:31/07/1998

Code:555
Name:LIBRA ISRAELENSE
Symbol:IL
Country:04/08/1998

Code:605
Name:MARCO
Symbol:M
Country:04/08/1998

Code:645
Name:NOVO PESO/MEXICO
Symbol:MXN
Country:08/07/2008

Code:646
Name:NOVO PESO/MEXICO
Symbol:MXN
Country:03/06/2008

Code:650
Name:NOVO PESO URUGUAI
Symbol:N$
Country:03/06/2008

Code:651
Name:NOVO PESO URUGUAI
Symbol:NC�
Country:03/06/2008

Code:663
Name:NOVO ZAIRE
Symbol:ZRN
Country:30/10/1998

Code:776
Name:KARBOVANETS
Symbol:UAK
Country:04/08/1998

Code:918
Name:UNID.MONET.EUROP.
Symbol:XEU
Country:

Code:980
Name:DOLAR-EX-ALEM.ORI
Symbol:CL$RDA
Country:04/08/1998

Code:982
Name:DOLAR-BULGARIA
Symbol:CL$BULG
Country:04/08/1998

Code:983
Name:DOLAR-GRECIA
Symbol:CL$GREC
Country:04/08/1998

Code:984
Name:DOLAR-HUNGRIA
Symbol:CL$HUNG
Country:04/08/1998

Code:988
Name:DOLAR-IUGOSLAVIA
Symbol:CL$IUG.
Country:04/08/1998

Code:990
Name:DOLAR-POLONIA
Symbol:CL$POL.
Country:04/08/1998

Code:991
Name:PRATA
Symbol:XAG
Country:10/06/2002

Code:992
Name:DOLAR-ROMENIA
Symbol:CL$ROM.
Country:04/08/1998

Code:993
Name:PALADIO
Symbol:XPD
Country:10/06/2002

Code:994
Name:PLATINA
Symbol:PLAT
Country:10/06/2002

Code:998
Name:OURO
Symbol:XAU
Country:

Code:110
Name:DINAR IEMENITA
Symbol:YD
Country:31/07/1998

Code:986
Name:DOLAR-ISRAEL
Symbol:CL$ISR.
Country:04/08/1998